<EpisodeOneRadio>
<noloadingtune />
<game content="ascii">e1:/pc/audio/config/ep1_radio_game.dat</game>
<game content="ascii">platform:/audio/config/vladivostok_fm_2018_game.dat</game>  
<sounds content="ascii">e1:/pc/audio/config/ep1_radio_sounds.dat</sounds>
<sounds content="ascii">platform:/audio/config/vladivostok_fm_2018_sounds.dat</sounds>
<speech content="ascii">e1:/pc/audio/config/ep1_radio_speech.dat</speech>
<speech content="ascii">e1:/pc/audio/config/radio_speech.dat</speech>
<wavepack content="ascii">e1:/pc/audio/sfx/EP1_SFX.rpf</wavepack>
<wavepack content="ascii">e1:/pc/audio/sfx/DOWNGRADE_EP1_SFX.rpf</wavepack>
</EpisodeOneRadio>
