<EpisodeTwoRadio>
<noloadingtune />
<game content="ascii">e2:/pc/audio/config/ep2_radio_game.dat</game>
<game content="ascii">platform:/audio/config/beta_tracks_game.dat</game> 
<sounds content="ascii">e2:/pc/audio/config/ep2_radio_sounds.dat</sounds>
<sounds content="ascii">platform:/audio/config/beta_tracks_sounds.dat</sounds>
<speech content="ascii">e2:/pc/audio/config/ep2_radio_speech.dat</speech>
<wavepack content="ascii">e2:/pc/audio/sfx/EP2_SFX.rpf</wavepack>
<wavepack content="ascii">e2:/pc/audio/sfx/DOWNGRADE_EP2_SFX.rpf</wavepack>
</EpisodeTwoRadio>
